hospital,hospital_website,sub_pages
Abraham Lincoln Memorial Hospital,http://www.almh.org,http://www.almh.org/
Abraham Lincoln Memorial Hospital,http://www.almh.org,http://www.almh.org/Services/Ophthalmology
Abraham Lincoln Memorial Hospital,http://www.almh.org,http://www.almh.org/Patients-and-Visitors/After-Your-Stay/Patient-Feedback
Abraham Lincoln Memorial Hospital,http://www.almh.org,http://www.almh.org/patient-stories
Abraham Lincoln Memorial Hospital,http://www.almh.org,http://www.almh.org/Services/Rehab-Physical-Therapy
Abraham Lincoln Memorial Hospital,http://www.almh.org,http://www.almh.org/patient-stories/story/id/1040
Abraham Lincoln Memorial Hospital,http://www.almh.org,http://www.almh.org/Services/Surgery
Abraham Lincoln Memorial Hospital,http://www.almh.org,http://www.almh.org/About/Press-Releases/p/1011/v/2000/sleep-disorder-center-at-abraham-lincoln-memorial-hospital-in-lincoln-receives-program-accreditation.aspx
Abraham Lincoln Memorial Hospital,http://www.almh.org,http://www.almh.org/About/Press-Releases/p/1009/v/2000/abraham-lincoln-memorial-hospital-foundation-names-scholarship-recipient.aspx
Abraham Lincoln Memorial Hospital,http://www.almh.org,http://www.almh.org/About/Press-Releases/p/1007/v/2000/tel:2177322161
Abraham Lincoln Memorial Hospital,http://www.almh.org,http://www.almh.org/financial/tel:2177322161
Abraham Lincoln Memorial Hospital,http://www.almh.org,http://www.almh.org/Portals/4/ALMH-Surgery-Preparation-Guide.pdf
Abraham Lincoln Memorial Hospital,http://www.almh.org,http://www.almh.org/Financial/tel:2177322161
Abraham Lincoln Memorial Hospital,http://www.almh.org,http://www.almh.org/Portals/4/ALMH-Master-Documents/Financial/ALMH-Peace-Of-Mind.pdf
Abraham Lincoln Memorial Hospital,http://www.almh.org,http://www.almh.org/Services/tel:2177322161
Abraham Lincoln Memorial Hospital,http://www.almh.org,http://www.almh.org/About/Press-Releases/p/1013/v/2000/safe-ride-available-for-fourth-of-july.aspx
Abraham Lincoln Memorial Hospital,http://www.almh.org,http://www.almh.org/patient-stories/story/id/tel:2177322161
Abraham Lincoln Memorial Hospital,http://www.almh.org,http://www.almh.org/About/Press-Releases/p/995/v/2000/memorial-health-system-ceo-ed-curtis-to-receive-honorary-doctorate-during-uis-commencement.aspx
Abraham Lincoln Memorial Hospital,http://www.almh.org,http://www.almh.org/Patients-and-Visitors/After-Your-Stay/Patient-Portal
Abraham Lincoln Memorial Hospital,http://www.almh.org,http://www.almh.org/Portals/4/ALMH-Master-Documents/Financial/ALMH-Group-Providers-List.pdf
Abraham Lincoln Memorial Hospital,http://www.almh.org,http://www.almh.org/Financial/Online-Bill-Pay
Abraham Lincoln Memorial Hospital,http://www.almh.org,http://www.almh.org/patient-stories/story/id/1037
Abraham Lincoln Memorial Hospital,http://www.almh.org,http://www.almh.org/patient-stories/story/id/1039
Abraham Lincoln Memorial Hospital,http://www.almh.org,http://www.almh.org/patient-stories/story/id/1038
Abraham Lincoln Memorial Hospital,http://www.almh.org,http://www.almh.org/Patient-Stories/story?pg=1&sz=10
Abraham Lincoln Memorial Hospital,http://www.almh.org,http://www.almh.org/tel:2177322161
Abraham Lincoln Memorial Hospital,http://www.almh.org,http://www.almh.org/Portals/4/ALMH-Master-Documents/Financial/MHS-Billing-and-Collections-Policy.pdf
Abraham Lincoln Memorial Hospital,http://www.almh.org,http://www.almh.org/Services/Emergency-Services
Abraham Lincoln Memorial Hospital,http://www.almh.org,http://www.almh.org/About/Press-Releases/p/1007/v/2000/monkman-named-may-almh-employee-of-the-month.aspx
Abraham Lincoln Memorial Hospital,http://www.almh.org,http://www.almh.org/About/Awards-and-Achievements
Abraham Lincoln Memorial Hospital,http://www.almh.org,http://www.almh.org/Portals/4/ALMH-Master-Documents/Financial/MHS-Facility-Directory-for-Hospitals.pdf
Abraham Lincoln Memorial Hospital,http://www.almh.org,http://www.almh.org/Portals/4/ALMH-Master-Documents/Financial/MHS-Billing-and-Collections-Policy-Spanish.pdf
Abraham Lincoln Memorial Hospital,http://www.almh.org,http://www.almh.org/Portals/4/ALMH-Master-Documents/Financial/ALMH-Financial-Assistance-Application.pdf
Abraham Lincoln Memorial Hospital,http://www.almh.org,http://www.almh.org/About/Press-Releases/p/1013/v/2000/tel:2177322161
Abraham Lincoln Memorial Hospital,http://www.almh.org,http://www.almh.org/Portals/4/ALMH-Rehabilitation-Consent-Form.pdf
Abraham Lincoln Memorial Hospital,http://www.almh.org,http://www.almh.org/About/Press-Releases/p/1011/v/2000/tel:2177322161
Abraham Lincoln Memorial Hospital,http://www.almh.org,http://www.almh.org/About/Press-Releases/p/995/v/2000/tel:2177322161
Abraham Lincoln Memorial Hospital,http://www.almh.org,http://www.almh.org/Portals/4/ALMH-Master-Documents/Financial/MHS-Financial-Assistance-Policy.pdf
Abraham Lincoln Memorial Hospital,http://www.almh.org,http://www.almh.org/About/Calendar
Abraham Lincoln Memorial Hospital,http://www.almh.org,http://www.almh.org/Services/Orthopedics
Abraham Lincoln Memorial Hospital,http://www.almh.org,http://www.almh.org/Portals/4/ALMH-Master-Documents/Financial/MHS-Schedule-of-Discounts-Spanish.pdf
Abraham Lincoln Memorial Hospital,http://www.almh.org,http://www.almh.org/Portals/4/ALMH-Master-Documents/Financial/ALMH-Peace-Of-Mind-Spanish.pdf
Abraham Lincoln Memorial Hospital,http://www.almh.org,http://www.almh.org/Portals/4/ALMH-Master-Documents/Financial/ALMH-Financial-Assistance-Application-Spanish.pdf
Abraham Lincoln Memorial Hospital,http://www.almh.org,http://www.almh.org/About/Press-Releases
Abraham Lincoln Memorial Hospital,http://www.almh.org,http://www.almh.org/Patient-Stories?id=1040
Abraham Lincoln Memorial Hospital,http://www.almh.org,http://www.almh.org/Portals/4/ALMH-Master-Documents/Financial/MHS-Schedule-of-Discounts.pdf
Abraham Lincoln Memorial Hospital,http://www.almh.org,http://www.almh.org/Services/Inpatient-Care
Abraham Lincoln Memorial Hospital,http://www.almh.org,http://www.almh.org/financial/financial-assistance-and-charity-care
Abraham Lincoln Memorial Hospital,http://www.almh.org,http://www.almh.org
Abraham Lincoln Memorial Hospital,http://www.almh.org,http://www.almh.org/About/Press-Releases/p/1009/v/2000/tel:2177322161
Abraham Lincoln Memorial Hospital,http://www.almh.org,http://www.almh.org/Services/Diagnostic-Imaging
Abraham Lincoln Memorial Hospital,http://www.almh.org,http://www.almh.org/Portals/4/ALMH-Master-Documents/Financial/MHS-Financial-Assistance-Policy-Spanish.pdf
Abraham Lincoln Memorial Hospital,http://www.almh.org,http://www.almh.org/About/tel:2177322161
Abraham Lincoln Memorial Hospital,http://www.almh.org,http://www.almh.org/Portals/4/ALMH-Master-Documents/Financial/MHS-Facility-Directory-for-Hospitals-Spanish.pdf
Abraham Lincoln Memorial Hospital,http://www.almh.org,http://www.almh.org/Portals/4/ALMH-Master-Documents/Financial/ALMH-Explanation-of-Amounts-Generally-Billed.pdf
Abraham Lincoln Memorial Hospital,http://www.almh.org,http://www.almh.org/Patient-Stories?id=1037
Abraham Lincoln Memorial Hospital,http://www.almh.org,http://www.almh.org/Patient-Stories?id=1039
Abraham Lincoln Memorial Hospital,http://www.almh.org,http://www.almh.org/Patient-Stories?id=1038
